{
	"width" : 640,
	"height" : 480,
	"intrinsic_matrix" :
	[
		570.3422047415297129191458225250244140625,
		0,
		0,
		0,
		570.3422047415297129191458225250244140625,
		0,
		320,
		240,
		1
	]
}
