{
	"width" : 640,
	"height" : 480,
	"intrinsic_matrix" :
	[
		533.0692138671875,
		0,
		0,
		0,
		533.0692138671875,
		0,
		320,
		240,
		1
	]
}
